﻿Category,SubCategory,Descriptor,Impact
Mouthfeel,Astringent,acetic,1
Mouthfeel,Astringent,acid,1
Mouthfeel,Astringent,acidic,1
Mouthfeel,Astringent,acidified,1
Mouthfeel,Astringent,acidifying,1
Mouthfeel,Astringent,acide,1
Mouthfeel,Astringent,acidy,1
Mouthfeel,Astringent,acidity,1
Mouthfeel,Astringent,acids,1
Mouthfeel,Astringent,aciduated,1
Mouthfeel,Astringent,acidulated,1
Mouthfeel,Astringent,acrid,1
Mouthfeel,Astringent,agave,1
Mouthfeel,Astringent,alkaline,1
Mouthfeel,Astringent,astringency,1
Mouthfeel,Astringent,astringence,1
Mouthfeel,Astringent,astringencies,1
Mouthfeel,Astringent,stringent,1
Mouthfeel,Astringent,astrigent,1
Mouthfeel,Astringent,astringently,1
Mouthfeel,Astringent,astringent,1
Mouthfeel,Astringent,citra,1
Mouthfeel,Astringent,cleaning,1
Mouthfeel,Astringent,crispiness,1
Mouthfeel,Astringent,crispier,1
Mouthfeel,Astringent,crisped,1
Mouthfeel,Astringent,crips,1
Mouthfeel,Astringent,crisps,1
Mouthfeel,Astringent,cleanness,1
Mouthfeel,Astringent,cleanest,1
Mouthfeel,Astringent,cleanliness,1
Mouthfeel,Astringent,cleanses,1
Mouthfeel,Astringent,cleansed,1
Mouthfeel,Astringent,cleanser,1
Mouthfeel,Astringent,cleaned,1
Mouthfeel,Astringent,cleans,1
Mouthfeel,Astringent,clean,1
Mouthfeel,Astringent,cleaner,1
Mouthfeel,Astringent,cleaness,1
Mouthfeel,Astringent,cleanly,1
Mouthfeel,Astringent,cleanse,1
Mouthfeel,Astringent,cleansing,1
Mouthfeel,Astringent,crisp,1
Mouthfeel,Astringent,crisper,1
Mouthfeel,Astringent,crisply,1
Mouthfeel,Astringent,crispness,1
Mouthfeel,Astringent,crispy,1
Mouthfeel,Astringent,drys,1
Mouthfeel,Astringent,dry,1
Mouthfeel,Astringent,dryer,1
Mouthfeel,Astringent,drying,1
Mouthfeel,Astringent,dryness,1
Mouthfeel,Astringent,fresh,1
Mouthfeel,Astringent,fresher,1
Mouthfeel,Astringent,freshest,1
Mouthfeel,Astringent,freshly,1
Mouthfeel,Astringent,freshness,1
Mouthfeel,Astringent,phenals,1
Mouthfeel,Astringent,phenol,1
Mouthfeel,Astringent,phenolic,1
Mouthfeel,Astringent,phenols,1
Mouthfeel,Astringent,pith,1
Mouthfeel,Astringent,pithy,1
Mouthfeel,Astringent,pucker,1
Mouthfeel,Astringent,puckeringly,1
Mouthfeel,Astringent,puckery,1
Mouthfeel,Astringent,puckers,1
Mouthfeel,Astringent,puckering,1
Mouthfeel,Astringent,puckered,1
Mouthfeel,Astringent,quench,1
Mouthfeel,Astringent,quenchener,1
Mouthfeel,Astringent,quencher,1
Mouthfeel,Astringent,quenches,1
Mouthfeel,Astringent,quenching,1
Mouthfeel,Astringent,spritz,1
Mouthfeel,Astringent,spritzy,1
Mouthfeel,Astringent,twangy,1
Mouthfeel,Astringent,twang,1
Mouthfeel,Astringent,tang,1
Mouthfeel,Astringent,tanginess,1
Mouthfeel,Astringent,tangyness,1
Mouthfeel,Astringent,tangy,1
Mouthfeel,Astringent,tannic,1
Mouthfeel,Astringent,tannin,1
Mouthfeel,Astringent,tannins,1
Mouthfeel,Astringent,tanins,1
Mouthfeel,Astringent,tanin,1
Mouthfeel,Astringent,mosiac,1
Mouthfeel,Astringent,tettnanger,1
Mouthfeel,Body,acacia,1
Mouthfeel,Body,acasia,1
Mouthfeel,Body,amaranth,1
Mouthfeel,Body,amargor,1
Mouthfeel,Body,big,1
Mouthfeel,Body,bodied,1
Mouthfeel,Body,bodiedness,1
Mouthfeel,Body,body,1
Mouthfeel,Body,butter,1
Mouthfeel,Body,buttery,1
Mouthfeel,Body,cappuccino,1
Mouthfeel,Body,cask,1
Mouthfeel,Body,casks,1
Mouthfeel,Body,chewable,1
Mouthfeel,Body,chewed,1
Mouthfeel,Body,chewiness,1
Mouthfeel,Body,chewy,1
Mouthfeel,Body,chocoalte,1
Mouthfeel,Body,chocolate,1
Mouthfeel,Body,chocolately,1
Mouthfeel,Body,chocolates,1
Mouthfeel,Body,chocolatey,1
Mouthfeel,Body,chocolatiers,1
Mouthfeel,Body,chocolaty,1
Mouthfeel,Body,cocoa,1
Mouthfeel,Body,cream,1
Mouthfeel,Body,creamier,1
Mouthfeel,Body,creaminess,1
Mouthfeel,Body,creamy,1
Mouthfeel,Body,creams,1
Mouthfeel,Body,custard,1
Mouthfeel,Body,creamyness,1
Mouthfeel,Body,crema,1
Mouthfeel,Body,creme,1
Mouthfeel,Body,custardy,1
Mouthfeel,Body,dairy,1
Mouthfeel,Body,flan,1
Mouthfeel,Body,flat,1
Mouthfeel,Body,flats,1
Mouthfeel,Body,flattened,1
Mouthfeel,Body,full,1
Mouthfeel,Body,fullbodied,1
Mouthfeel,Body,fuller,1
Mouthfeel,Body,fullness,1
Mouthfeel,Body,fully,1
Mouthfeel,Body,fulsome,1
Mouthfeel,Body,milk,1
Mouthfeel,Body,milkshake,1
Mouthfeel,Body,milky,1
Mouthfeel,Body,mouthcoating,1
Mouthfeel,Body,oil,1
Mouthfeel,Body,oils,1
Mouthfeel,Body,oilslick,1
Mouthfeel,Body,oily,1
Mouthfeel,Body,silk,1
Mouthfeel,Body,silkier,1
Mouthfeel,Body,silkily,1
Mouthfeel,Body,silkiness,1
Mouthfeel,Body,silky,1
Mouthfeel,Body,smooth,1
Mouthfeel,Body,smoothed,1
Mouthfeel,Body,smoother,1
Mouthfeel,Body,smoothest,1
Mouthfeel,Body,smoothe,1
Mouthfeel,Body,smoooth,1
Mouthfeel,Body,smoothie,1
Mouthfeel,Body,smoothing,1
Mouthfeel,Body,smoothly,1
Mouthfeel,Body,smoothness,1
Mouthfeel,Body,smooths,1
Mouthfeel,Body,soft,1
Mouthfeel,Body,softened,1
Mouthfeel,Body,softens,1
Mouthfeel,Body,softer,1
Mouthfeel,Body,softly,1
Mouthfeel,Body,softness,1
Mouthfeel,Body,thick,1
Mouthfeel,Body,thicken,1
Mouthfeel,Body,thickness,1
Mouthfeel,Body,thin,1
Mouthfeel,Body,velvet,1
Mouthfeel,Body,velvety,1
Mouthfeel,Body,visciole,1
Mouthfeel,Body,viscosity,1
Mouthfeel,Body,viscous,1
Mouthfeel,Body,viscuous,1
Mouthfeel,Body,viscus,1
Mouthfeel,Body,vicious,1
Mouthfeel,Body,viscocity,1
Mouthfeel,Body,viscose,1
Mouthfeel,Body,butters,1
Mouthfeel,Body,buttered,1
Mouthfeel,Body,cappucino,1
Mouthfeel,Body,chewey,1
Mouthfeel,Body,chew,1
Mouthfeel,Body,chews,1
Mouthfeel,Body,butteriness,1
Mouthfeel,Alcoholic,absinthe,1
Mouthfeel,Alcoholic,agave,1
Mouthfeel,Alcoholic,alcohol,1
Mouthfeel,Alcoholic,alcoholic,1
Mouthfeel,Alcoholic,alcoholized,1
Mouthfeel,Alcoholic,alcohols,1
Mouthfeel,Alcoholic,bite,1
Mouthfeel,Alcoholic,bites,1
Mouthfeel,Alcoholic,booze,1
Mouthfeel,Alcoholic,booziness,1
Mouthfeel,Alcoholic,boozy,1
Mouthfeel,Alcoholic,bourbon,1
Mouthfeel,Alcoholic,bourbons,1
Mouthfeel,Alcoholic,brandied,1
Mouthfeel,Alcoholic,brandy,1
Mouthfeel,Alcoholic,daniel,1
Mouthfeel,Alcoholic,daniels,1
Mouthfeel,Alcoholic,ester,1
Mouthfeel,Alcoholic,esters,1
Mouthfeel,Alcoholic,estery,1
Mouthfeel,Alcoholic,ethanol,1
Mouthfeel,Alcoholic,ferment,1
Mouthfeel,Alcoholic,fermentation,1
Mouthfeel,Alcoholic,fermentations,1
Mouthfeel,Alcoholic,fermented,1
Mouthfeel,Alcoholic,ferments,1
Mouthfeel,Alcoholic,gas,1
Mouthfeel,Alcoholic,gin,1
Mouthfeel,Alcoholic,heat,1
Mouthfeel,Alcoholic,quad,1
Mouthfeel,Alcoholic,quadrupel,1
Mouthfeel,Alcoholic,quadruple,1
Mouthfeel,Alcoholic,quadrupled,1
Mouthfeel,Alcoholic,quads,1
Mouthfeel,Alcoholic,rum,1
Mouthfeel,Alcoholic,scotch,1
Mouthfeel,Alcoholic,strong,1
Mouthfeel,Alcoholic,stronger,1
Mouthfeel,Alcoholic,strongest,1
Mouthfeel,Alcoholic,vodka,1
Mouthfeel,Alcoholic,warm,1
Mouthfeel,Alcoholic,warmed,1
Mouthfeel,Alcoholic,warmer,1
Mouthfeel,Alcoholic,warmers,1
Mouthfeel,Alcoholic,warming,1
Mouthfeel,Alcoholic,warms,1
Mouthfeel,Alcoholic,warmth,1
Mouthfeel,Alcoholic,whiskey,1
Mouthfeel,Alcoholic,whiskeys,1
Mouthfeel,Alcoholic,whiskies,1
Mouthfeel,Alcoholic,whisky,1
Mouthfeel,Alcoholic,alchohol,1
Mouthfeel,Alcoholic,alcool,1
Mouthfeel,Alcoholic,alchol,1
Mouthfeel,Alcoholic,acohol,1
Mouthfeel,Alcoholic,alochol,1
Mouthfeel,Alcoholic,alcohal,1
Mouthfeel,Alcoholic,boozey,1
Mouthfeel,Alcoholic,bourbony,1
Mouthfeel,Alcoholic,burbon,1
Mouthfeel,Alcoholic,boubon,1
Mouthfeel,Alcoholic,esther,1
Mouthfeel,Alcoholic,esthery,1
Mouthfeel,Alcoholic,esthers,1
Taste,Bitter,ahtanum,1
Taste,Bitter,amarillo,1
Taste,Bitter,anjilanaka,1
Taste,Bitter,apollo,1
Taste,Bitter,ashtray,1
Taste,Bitter,askinosie,1
Taste,Bitter,azacca,1
Taste,Bitter,bitter,1
Taste,Bitter,bittered,1
Taste,Bitter,bitterhop,1
Taste,Bitter,bitterer,1
Taste,Bitter,bittering,1
Taste,Bitter,bitterly,1
Taste,Bitter,bitterness,1
Taste,Bitter,bitters,1
Taste,Bitter,bittersweet,1
Taste,Bitter,bittnerness,1
Taste,Bitter,brulee,1
Taste,Bitter,bruleed,1
Taste,Bitter,burn,1
Taste,Bitter,burned,1
Taste,Bitter,burning,1
Taste,Bitter,burnished,1
Taste,Bitter,burns,1
Taste,Bitter,burnt,1
Taste,Bitter,cacao,1
Taste,Bitter,cacoa,1
Taste,Bitter,cappuccino,1
Taste,Bitter,char,1
Taste,Bitter,charred,1
Taste,Bitter,chinook,1
Taste,Bitter,citra,1
Taste,Bitter,cypress,1
Taste,Bitter,czech,1
Taste,Bitter,cocoa,1
Taste,Bitter,coffee,1
Taste,Bitter,coffees,1
Taste,Bitter,fuggle,1
Taste,Bitter,fuggles,1
Taste,Bitter,golding,1
Taste,Bitter,goldings,1
Taste,Bitter,java,1
Taste,Bitter,hallaertau,1
Taste,Bitter,hallartau,1
Taste,Bitter,hallertau,1
Taste,Bitter,hallertauer,1
Taste,Bitter,hallertaur,1
Taste,Bitter,hallerteau,1
Taste,Bitter,hop,1
Taste,Bitter,hopped,1
Taste,Bitter,hoppier,1
Taste,Bitter,hoppiest,1
Taste,Bitter,hoppin,1
Taste,Bitter,hoppiness,1
Taste,Bitter,hopping,1
Taste,Bitter,hoppings,1
Taste,Bitter,hoppy,1
Taste,Bitter,hops,1
Taste,Bitter,mocha,1
Taste,Bitter,molasses,1
Taste,Bitter,mollasses,1
Taste,Bitter,mosaic,1
Taste,Bitter,mosaics,1
Taste,Bitter,palisade,1
Taste,Bitter,peel,1
Taste,Bitter,peels,1
Taste,Bitter,pith,1
Taste,Bitter,pithy,1
Taste,Bitter,resin,1
Taste,Bitter,resinous,1
Taste,Bitter,resins,1
Taste,Bitter,resiny,1
Taste,Bitter,rind,1
Taste,Bitter,saaz,1
Taste,Bitter,tettanang,1
Taste,Bitter,tettnang,1
Taste,Bitter,willamette,1
Taste,Bitter,willamettehops,1
Taste,Bitter,williamette,1
Taste,Bitter,zest,1
Taste,Bitter,zesty,1
Taste,Bitter,biterness,1
Taste,Bitter,bitterniss,1
Taste,Bitter,coffe,1
Taste,Bitter,cofee,1
Taste,Bitter,hoppyness,1
Taste,Sweet,acacia,1
Taste,Sweet,acasia,1
Taste,Sweet,apple,1
Taste,Sweet,apples,1
Taste,Sweet,apricot,1
Taste,Sweet,apricots,1
Taste,Sweet,berries,1
Taste,Sweet,berry,1
Taste,Sweet,blabaer,1
Taste,Sweet,blackberries,1
Taste,Sweet,blackberry,1
Taste,Sweet,blackcurrant,1
Taste,Sweet,blue,1
Taste,Sweet,blueberries,1
Taste,Sweet,blueberry,1
Taste,Sweet,bragget,1
Taste,Sweet,braggot,1
Taste,Sweet,brownie,1
Taste,Sweet,brownies,1
Taste,Sweet,cake,1
Taste,Sweet,cakes,1
Taste,Sweet,candi,1
Taste,Sweet,candied,1
Taste,Sweet,candies,1
Taste,Sweet,candy,1
Taste,Sweet,cane,1
Taste,Sweet,cantaloupe,1
Taste,Sweet,caramel,1
Taste,Sweet,caramelised,1
Taste,Sweet,caramelized,1
Taste,Sweet,caramelly,1
Taste,Sweet,caramelo,1
Taste,Sweet,caramely,1
Taste,Sweet,carmel,1
Taste,Sweet,carmelization,1
Taste,Sweet,carmelized,1
Taste,Sweet,carmelly,1
Taste,Sweet,carrot,1
Taste,Sweet,carrots,1
Taste,Sweet,chocoalte,1
Taste,Sweet,chocolate,1
Taste,Sweet,chocolately,1
Taste,Sweet,chocolates,1
Taste,Sweet,chocolatey,1
Taste,Sweet,chocolatiers,1
Taste,Sweet,chocolaty,1
Taste,Sweet,churro,1
Taste,Sweet,cranberries,1
Taste,Sweet,cranberry,1
Taste,Sweet,date,1
Taste,Sweet,dates,1
Taste,Sweet,dessert,1
Taste,Sweet,desserts,1
Taste,Sweet,doughnut,1
Taste,Sweet,doughnuts,1
Taste,Sweet,fig,1
Taste,Sweet,figgy,1
Taste,Sweet,figs,1
Taste,Sweet,fruit,1
Taste,Sweet,fruitcake,1
Taste,Sweet,fruitcakes,1
Taste,Sweet,fruited,1
Taste,Sweet,fruitier,1
Taste,Sweet,fruitiness,1
Taste,Sweet,fruiting,1
Taste,Sweet,fruitness,1
Taste,Sweet,fruits,1
Taste,Sweet,fruity,1
Taste,Sweet,fruit,1
Taste,Sweet,goose,1
Taste,Sweet,gooseberries,1
Taste,Sweet,gooseberry,1
Taste,Sweet,graham,1
Taste,Sweet,grape,1
Taste,Sweet,grapes,1
Taste,Sweet,honey,1
Taste,Sweet,juice,1
Taste,Sweet,juiced,1
Taste,Sweet,juices,1
Taste,Sweet,juiciness,1
Taste,Sweet,juicy,1
Taste,Sweet,maple,1
Taste,Sweet,melon,1
Taste,Sweet,melons,1
Taste,Sweet,nectar,1
Taste,Sweet,nectarine,1
Taste,Sweet,nectars,1
Taste,Sweet,pineapple,1
Taste,Sweet,raisin,1
Taste,Sweet,raisins,1
Taste,Sweet,raisiny,1
Taste,Sweet,raspberries,1
Taste,Sweet,raspberry,1
Taste,Sweet,sugar,1
Taste,Sweet,sugarcane,1
Taste,Sweet,sugaring,1
Taste,Sweet,sugars,1
Taste,Sweet,sugary,1
Taste,Sweet,sweet,1
Taste,Sweet,sweeten,1
Taste,Sweet,sweetened,1
Taste,Sweet,sweetener,1
Taste,Sweet,sweetening,1
Taste,Sweet,sweeter,1
Taste,Sweet,sweetest,1
Taste,Sweet,sweetish,1
Taste,Sweet,sweetly,1
Taste,Sweet,sweetness,1
Taste,Sweet,sweets,1
Taste,Sweet,syrup,1
Taste,Sweet,syrups,1
Taste,Sweet,syrupy,1
Taste,Sweet,tamarind,1
Taste,Sweet,tamarindo,1
Taste,Sweet,turbinado,1
Taste,Sweet,cantelope,1
Taste,Sweet,carmely,1
Taste,Sweet,caramal,1
Taste,Sweet,camel,1
Taste,Sweet,caramels,1
Taste,Sweet,caramell,1
Taste,Sweet,carmely,1
Taste,Sweet,caramal,1
Taste,Sweet,caramelize,1
Taste,Sweet,caramelish,1
Taste,Sweet,caramalized,1
Taste,Sweet,carmalized,1
Taste,Sweet,desserty,1
Taste,Sour,acetic,1
Taste,Sour,acid,1
Taste,Sour,acidic,1
Taste,Sour,acidified,1
Taste,Sour,acidifying,1
Taste,Sour,acidity,1
Taste,Sour,acids,1
Taste,Sour,aciduated,1
Taste,Sour,acidulated,1
Taste,Sour,acrid,1
Taste,Sour,apple,1
Taste,Sour,apples,1
Taste,Sour,bergamot,1
Taste,Sour,bacteria,1
Taste,Sour,bacterias,1
Taste,Sour,brabantiae,1
Taste,Sour,brettanomyces,1
Taste,Sour,bruxellensis,1
Taste,Sour,cassis,1
Taste,Sour,cider,1
Taste,Sour,citra,1
Taste,Sour,citric,1
Taste,Sour,citron,1
Taste,Sour,citrus,1
Taste,Sour,citrusy,1
Taste,Sour,clementine,1
Taste,Sour,culture,1
Taste,Sour,cultured,1
Taste,Sour,delbrueckii,1
Taste,Sour,ester,1
Taste,Sour,esters,1
Taste,Sour,estery,1
Taste,Sour,ferment,1
Taste,Sour,fermentation,1
Taste,Sour,fermentations,1
Taste,Sour,fermented,1
Taste,Sour,ferments,1
Taste,Sour,fruit,1
Taste,Sour,fruitcake,1
Taste,Sour,fruitcakes,1
Taste,Sour,fruited,1
Taste,Sour,fruitier,1
Taste,Sour,fruitiness,1
Taste,Sour,fruiting,1
Taste,Sour,fruitness,1
Taste,Sour,fruits,1
Taste,Sour,fruity,1
Taste,Sour,funk,1
Taste,Sour,funkiness,1
Taste,Sour,funky,1
Taste,Sour,grapefruit,1
Taste,Sour,grapefruits,1
Taste,Sour,kumquat,1
Taste,Sour,kumquats,1
Taste,Sour,lactic,1
Taste,Sour,lactics,1
Taste,Sour,lacto,1
Taste,Sour,lactobacilius,1
Taste,Sour,lactobacillius,1
Taste,Sour,lactobacillus,1
Taste,Sour,lactose,1
Taste,Sour,lemon,1
Taste,Sour,lemonade,1
Taste,Sour,lemondrop,1
Taste,Sour,lemongrass,1
Taste,Sour,lemons,1
Taste,Sour,lemony,1
Taste,Sour,lime,1
Taste,Sour,limes,1
Taste,Sour,mandarin,1
Taste,Sour,mandarina,1
Taste,Sour,orange,1
Taste,Sour,oranges,1
Taste,Sour,orangey,1
Taste,Sour,pickled,1
Taste,Sour,pickles,1
Taste,Sour,pungency,1
Taste,Sour,pungent,1
Taste,Sour,rhubarb,1
Taste,Sour,sauerkraut,1
Taste,Sour,sauermalt,1
Taste,Sour,sour,1
Taste,Sour,sourdough,1
Taste,Sour,soured,1
Taste,Sour,souring,1
Taste,Sour,sourness,1
Taste,Sour,sours,1
Taste,Sour,tang,1
Taste,Sour,tanginess,1
Taste,Sour,tangy,1
Taste,Sour,tart,1
Taste,Sour,tartness,1
Taste,Sour,vinegars,1
Taste,Sour,wild,1
Taste,Sour,wildly,1
Taste,Sour,wilds,1
Taste,Sour,yuzu,1
Taste,Sour,funked,1
Taste,Sour,funkyness,1
Taste,Sour,skunkiness,1
Taste,Sour,funkiest,1
Taste,Sour,pickle,1
Taste,Sour,pungently,1
Taste,Sour,soury,1
Taste,Sour,sourer,1
Taste,Sour,sourest,1
Taste,Sour,tarty,1
Taste,Sour,tarts,1
Taste,Sour,tartly,1
Taste,Sour,vinegar,1
Taste,Sour,vinegary,1
Taste,Salty,caviar,1
Taste,Salty,cracker,1
Taste,Salty,crackers,1
Taste,Salty,crackery,1
Taste,Salty,salt,1
Taste,Salty,salted,1
Taste,Salty,saltiness,1
Taste,Salty,salty,1
Taste,Salty,salts,1
Taste,Salty,saltines,1
Taste,Salty,saltyness,1
Taste,Salty,saltine,1
Taste,Salty,saltier,1
FlavourAndAroma,Fruity,berries,1
FlavourAndAroma,Fruity,berry,1
FlavourAndAroma,Fruity,blabaer,1
FlavourAndAroma,Fruity,blackberries,1
FlavourAndAroma,Fruity,blackberry,1
FlavourAndAroma,Fruity,blackcurrant,1
FlavourAndAroma,Fruity,blue,1
FlavourAndAroma,Fruity,blueberries,1
FlavourAndAroma,Fruity,blueberry,1
FlavourAndAroma,Fruity,boysenberries,1
FlavourAndAroma,Fruity,boysenberry,1
FlavourAndAroma,Fruity,cassis,1
FlavourAndAroma,Fruity,cherries,1
FlavourAndAroma,Fruity,cherry,1
FlavourAndAroma,Fruity,cranberries,1
FlavourAndAroma,Fruity,cranberry,1
FlavourAndAroma,Fruity,currant,1
FlavourAndAroma,Fruity,currants,1
FlavourAndAroma,Fruity,date,1
FlavourAndAroma,Fruity,dates,1
FlavourAndAroma,Fruity,elderberries,1
FlavourAndAroma,Fruity,elderberry,1
FlavourAndAroma,Fruity,fig,1
FlavourAndAroma,Fruity,figgy,1
FlavourAndAroma,Fruity,figs,1
FlavourAndAroma,Fruity,fruit,1
FlavourAndAroma,Fruity,fruited,1
FlavourAndAroma,Fruity,fruitier,1
FlavourAndAroma,Fruity,fruitiness,1
FlavourAndAroma,Fruity,fruiting,1
FlavourAndAroma,Fruity,fruitness,1
FlavourAndAroma,Fruity,fruits,1
FlavourAndAroma,Fruity,goose,1
FlavourAndAroma,Fruity,gooseberries,1
FlavourAndAroma,Fruity,gooseberry,1
FlavourAndAroma,Fruity,grape,1
FlavourAndAroma,Fruity,grapes,1
FlavourAndAroma,Fruity,juice,1
FlavourAndAroma,Fruity,juiced,1
FlavourAndAroma,Fruity,juices,1
FlavourAndAroma,Fruity,juiciness,1
FlavourAndAroma,Fruity,juicy,1
FlavourAndAroma,Fruity,lingonberries,1
FlavourAndAroma,Fruity,maraschino,1
FlavourAndAroma,Fruity,plum,1
FlavourAndAroma,Fruity,plums,1
FlavourAndAroma,Fruity,pluots,1
FlavourAndAroma,Fruity,pomegranate,1
FlavourAndAroma,Fruity,pomegranates,1
FlavourAndAroma,Fruity,prune,1
FlavourAndAroma,Fruity,raisin,1
FlavourAndAroma,Fruity,raisins,1
FlavourAndAroma,Fruity,raisiny,1
FlavourAndAroma,Fruity,raspberries,1
FlavourAndAroma,Fruity,raspberry,1
FlavourAndAroma,Fruity,rhubarb,1
FlavourAndAroma,Fruity,strawberries,1
FlavourAndAroma,Fruity,strawberry,1
FlavourAndAroma,Fruity,berried,1
FlavourAndAroma,Fruity,rasberries,1
FlavourAndAroma,Fruity,mulberries,1
FlavourAndAroma,Fruity,blackcurrants,1
FlavourAndAroma,Fruity,blackcurrent,1
FlavourAndAroma,Fruity,cherrys,1
FlavourAndAroma,Fruity,redcurrant,1
FlavourAndAroma,Fruity,lingonberry,1
FlavourAndAroma,Fruity,plumy,1
FlavourAndAroma,Fruity,plume,1
FlavourAndAroma,Fruity,plummy,1
FlavourAndAroma,Fruity,pluot,1
FlavourAndAroma,Fruity,pruney,1
FlavourAndAroma,Fruity,prunes,1
FlavourAndAroma,Fruity,apple,1
FlavourAndAroma,Fruity,apples,1
FlavourAndAroma,Fruity,bergamot,1
FlavourAndAroma,Fruity,citra,1
FlavourAndAroma,Fruity,citric,1
FlavourAndAroma,Fruity,citron,1
FlavourAndAroma,Fruity,citrus,1
FlavourAndAroma,Fruity,citrusy,1
FlavourAndAroma,Fruity,clementine,1
FlavourAndAroma,Fruity,grapefruit,1
FlavourAndAroma,Fruity,grapefruits,1
FlavourAndAroma,Fruity,kumquat,1
FlavourAndAroma,Fruity,kumquats,1
FlavourAndAroma,Fruity,lemon,1
FlavourAndAroma,Fruity,lemonade,1
FlavourAndAroma,Fruity,lemondrop,1
FlavourAndAroma,Fruity,lemongrass,1
FlavourAndAroma,Fruity,lemons,1
FlavourAndAroma,Fruity,lemony,1
FlavourAndAroma,Fruity,lime,1
FlavourAndAroma,Fruity,limes,1
FlavourAndAroma,Fruity,mandarin,1
FlavourAndAroma,Fruity,mandarina,1
FlavourAndAroma,Fruity,orange,1
FlavourAndAroma,Fruity,oranges,1
FlavourAndAroma,Fruity,orangey,1
FlavourAndAroma,Fruity,tangelo,1
FlavourAndAroma,Fruity,tangerine,1
FlavourAndAroma,Fruity,yuzu,1
FlavourAndAroma,Fruity,zest,1
FlavourAndAroma,Fruity,zesty,1
FlavourAndAroma,Fruity,tangerines,1
FlavourAndAroma,Fruity,fruitty,1
FlavourAndAroma,Fruity,fruiter,1
FlavourAndAroma,Fruity,frutiness,1
FlavourAndAroma,Fruity,fruityness,1
FlavourAndAroma,Fruity,fruittyness,1
FlavourAndAroma,Fruity,clementines,1
FlavourAndAroma,Fruity,grapefruity,1
FlavourAndAroma,Fruity,grapfruit,1
FlavourAndAroma,Fruity,grapefuit,1
FlavourAndAroma,Fruity,lemmon,1
FlavourAndAroma,Fruity,limey,1
FlavourAndAroma,Fruity,mandarins,1
FlavourAndAroma,Fruity,orang,1
FlavourAndAroma,Fruity,orangy,1
FlavourAndAroma,Fruity,orangeish,1
FlavourAndAroma,Fruity,orangish,1
FlavourAndAroma,Fruity,zestiness,1
FlavourAndAroma,Fruity,apricot,1
FlavourAndAroma,Fruity,apricots,1
FlavourAndAroma,Fruity,banana,1
FlavourAndAroma,Fruity,bananas,1
FlavourAndAroma,Fruity,cantaloupe,1
FlavourAndAroma,Fruity,cider,1
FlavourAndAroma,Fruity,coconut,1
FlavourAndAroma,Fruity,ester,1
FlavourAndAroma,Fruity,esters,1
FlavourAndAroma,Fruity,estery,1
FlavourAndAroma,Fruity,honeydew,1
FlavourAndAroma,Fruity,kiwi,1
FlavourAndAroma,Fruity,kiwifruit,1
FlavourAndAroma,Fruity,kiwis,1
FlavourAndAroma,Fruity,koji,1
FlavourAndAroma,Fruity,lychee,1
FlavourAndAroma,Fruity,mango,1
FlavourAndAroma,Fruity,mangos,1
FlavourAndAroma,Fruity,melon,1
FlavourAndAroma,Fruity,melons,1
FlavourAndAroma,Fruity,mongo,1
FlavourAndAroma,Fruity,nectar,1
FlavourAndAroma,Fruity,nectarine,1
FlavourAndAroma,Fruity,nectars,1
FlavourAndAroma,Fruity,papaya,1
FlavourAndAroma,Fruity,passionfruit,1
FlavourAndAroma,Fruity,peach,1
FlavourAndAroma,Fruity,peaches,1
FlavourAndAroma,Fruity,peachyness,1
FlavourAndAroma,Fruity,pear,1
FlavourAndAroma,Fruity,pears,1
FlavourAndAroma,Fruity,pineapple,1
FlavourAndAroma,Fruity,pumpkin,1
FlavourAndAroma,Fruity,pumpkins,1
FlavourAndAroma,Fruity,pumpkiny,1
FlavourAndAroma,Fruity,tropical,1
FlavourAndAroma,Fruity,watermelon,1
FlavourAndAroma,Fruity,yams,1
FlavourAndAroma,Fruity,cantelope,1
FlavourAndAroma,Fruity,nectary,1
FlavourAndAroma,Fruity,nectarines,1
FlavourAndAroma,Fruity,pineapples,1
FlavourAndAroma,Fruity,bannana,1
FlavourAndAroma,Fruity,bananna,1
FlavourAndAroma,Fruity,coconuts,1
FlavourAndAroma,Fruity,lychees,1
FlavourAndAroma,Fruity,mang,1
FlavourAndAroma,Fruity,mangoes,1
FlavourAndAroma,Fruity,peachy,1
FlavourAndAroma,Fruity,pumkin,1
FlavourAndAroma,Fruity,tropicals,1
FlavourAndAroma,Fruity,topical,1
FlavourAndAroma,Fruity,watermelons,1
FlavourAndAroma,Hoppy,ahtanum,1
FlavourAndAroma,Hoppy,amarillo,1
FlavourAndAroma,Hoppy,apollo,1
FlavourAndAroma,Hoppy,azacca,1
FlavourAndAroma,Hoppy,bitter,1
FlavourAndAroma,Hoppy,bittered,1
FlavourAndAroma,Hoppy,bitterhop,1
FlavourAndAroma,Hoppy,bittering,1
FlavourAndAroma,Hoppy,bitterly,1
FlavourAndAroma,Hoppy,bitterness,1
FlavourAndAroma,Hoppy,bitters,1
FlavourAndAroma,Hoppy,bittersweet,1
FlavourAndAroma,Hoppy,bittnerness,1
FlavourAndAroma,Hoppy,chinook,1
FlavourAndAroma,Hoppy,cypress,1
FlavourAndAroma,Hoppy,czech,1
FlavourAndAroma,Hoppy,forest,1
FlavourAndAroma,Hoppy,forester,1
FlavourAndAroma,Hoppy,forests,1
FlavourAndAroma,Hoppy,fuggle,1
FlavourAndAroma,Hoppy,fuggles,1
FlavourAndAroma,Hoppy,golding,1
FlavourAndAroma,Hoppy,goldings,1
FlavourAndAroma,Hoppy,hallaertau,1
FlavourAndAroma,Hoppy,hallartau,1
FlavourAndAroma,Hoppy,hallertau,1
FlavourAndAroma,Hoppy,hallertauer,1
FlavourAndAroma,Hoppy,hallertaur,1
FlavourAndAroma,Hoppy,hallerteau,1
FlavourAndAroma,Hoppy,hop,1
FlavourAndAroma,Hoppy,hopped,1
FlavourAndAroma,Hoppy,hoppier,1
FlavourAndAroma,Hoppy,hoppiest,1
FlavourAndAroma,Hoppy,hoppin,1
FlavourAndAroma,Hoppy,hoppiness,1
FlavourAndAroma,Hoppy,hopping,1
FlavourAndAroma,Hoppy,hoppings,1
FlavourAndAroma,Hoppy,hoppy,1
FlavourAndAroma,Hoppy,hops,1
FlavourAndAroma,Hoppy,mosaic,1
FlavourAndAroma,Hoppy,mosaics,1
FlavourAndAroma,Hoppy,myrcene,1
FlavourAndAroma,Hoppy,palisade,1
FlavourAndAroma,Hoppy,resin,1
FlavourAndAroma,Hoppy,resinous,1
FlavourAndAroma,Hoppy,resins,1
FlavourAndAroma,Hoppy,resiny,1
FlavourAndAroma,Hoppy,saaz,1
FlavourAndAroma,Hoppy,tettanang,1
FlavourAndAroma,Hoppy,tettnang,1
FlavourAndAroma,Hoppy,willamette,1
FlavourAndAroma,Hoppy,willamettehops,1
FlavourAndAroma,Hoppy,williamette,1
FlavourAndAroma,Hoppy,hopy,1
FlavourAndAroma,Hoppy,hoppyness,1
FlavourAndAroma,Hoppy,mosiac,1
FlavourAndAroma,Hoppy,tettnanger,1
FlavourAndAroma,Hoppy,earthyness,1
FlavourAndAroma,Hoppy,earth,1
FlavourAndAroma,Hoppy,earthiness,1
FlavourAndAroma,Hoppy,earthy,1
FlavourAndAroma,Hoppy,forrest,1
FlavourAndAroma,Hoppy,foresty,1
FlavourAndAroma,Hoppy,pines,1
FlavourAndAroma,Hoppy,pine,1
FlavourAndAroma,Hoppy,piney,1
FlavourAndAroma,Hoppy,piny,1
FlavourAndAroma,Hoppy,sprucey,1
FlavourAndAroma,Hoppy,sprucy,1
FlavourAndAroma,Hoppy,earthly,1
FlavourAndAroma,Hoppy,earthen,1
FlavourAndAroma,Hoppy,grasses,1
FlavourAndAroma,Hoppy,gassy,1
FlavourAndAroma,Hoppy,basil,1
FlavourAndAroma,Hoppy,cilantro,1
FlavourAndAroma,Hoppy,clover,1
FlavourAndAroma,Hoppy,clovers,1
FlavourAndAroma,Hoppy,coriander,1
FlavourAndAroma,Hoppy,corriander,1
FlavourAndAroma,Hoppy,herb,1
FlavourAndAroma,Hoppy,herbaceous,1
FlavourAndAroma,Hoppy,herbaceousness,1
FlavourAndAroma,Hoppy,herbed,1
FlavourAndAroma,Hoppy,herbs,1
FlavourAndAroma,Hoppy,lawn,1
FlavourAndAroma,Hoppy,lawns,1
FlavourAndAroma,Hoppy,mint,1
FlavourAndAroma,Hoppy,minty,1
FlavourAndAroma,Hoppy,parsley,1
FlavourAndAroma,Hoppy,peppermint,1
FlavourAndAroma,Hoppy,rosemary,1
FlavourAndAroma,Hoppy,saffron,1
FlavourAndAroma,Hoppy,sage,1
FlavourAndAroma,Hoppy,spearmint,1
FlavourAndAroma,Hoppy,spruce,1
FlavourAndAroma,Hoppy,tea,1
FlavourAndAroma,Hoppy,thistle,1
FlavourAndAroma,Hoppy,thyme,1
FlavourAndAroma,Hoppy,ulmaria,1
FlavourAndAroma,Hoppy,herby,1
FlavourAndAroma,Hoppy,herbal,1
FlavourAndAroma,Hoppy,herbacious,1
FlavourAndAroma,Hoppy,herbals,1
FlavourAndAroma,Hoppy,teas,1
FlavourAndAroma,Hoppy,chive,1
FlavourAndAroma,Hoppy,blooms,1
FlavourAndAroma,Hoppy,blossom,1
FlavourAndAroma,Hoppy,blossoms,1
FlavourAndAroma,Hoppy,botanical,1
FlavourAndAroma,Hoppy,botanicals,1
FlavourAndAroma,Hoppy,cologne,1
FlavourAndAroma,Hoppy,daisy,1
FlavourAndAroma,Hoppy,dandelion,1
FlavourAndAroma,Hoppy,elderberries,1
FlavourAndAroma,Hoppy,elderberry,1
FlavourAndAroma,Hoppy,elderflower,1
FlavourAndAroma,Hoppy,evergreen,1
FlavourAndAroma,Hoppy,fern,1
FlavourAndAroma,Hoppy,flora,1
FlavourAndAroma,Hoppy,floral,1
FlavourAndAroma,Hoppy,florals,1
FlavourAndAroma,Hoppy,flower,1
FlavourAndAroma,Hoppy,flowers,1
FlavourAndAroma,Hoppy,flowery,1
FlavourAndAroma,Hoppy,foliage,1
FlavourAndAroma,Hoppy,grass,1
FlavourAndAroma,Hoppy,grassy,1
FlavourAndAroma,Hoppy,hibiscus,1
FlavourAndAroma,Hoppy,holly,1
FlavourAndAroma,Hoppy,honeysuckle,1
FlavourAndAroma,Hoppy,lavender,1
FlavourAndAroma,Hoppy,perfume,1
FlavourAndAroma,Hoppy,perfumed,1
FlavourAndAroma,Hoppy,rosa,1
FlavourAndAroma,Hoppy,rose,1
FlavourAndAroma,Hoppy,roses,1
FlavourAndAroma,Hoppy,rosie,1
FlavourAndAroma,Hoppy,wildflower,1
FlavourAndAroma,Hoppy,wildflowers,1
FlavourAndAroma,Hoppy,bloom,1
FlavourAndAroma,Hoppy,florally,1
FlavourAndAroma,Hoppy,florality,1
FlavourAndAroma,Hoppy,floralness,1
FlavourAndAroma,Hoppy,sunflower,1
FlavourAndAroma,Hoppy,perfumey,1
FlavourAndAroma,Hoppy,perfumes,1
FlavourAndAroma,Hoppy,perfumy,1
FlavourAndAroma,Hoppy,rosey,1
FlavourAndAroma,Spice,absinthe,1
FlavourAndAroma,Spice,allspice,1
FlavourAndAroma,Spice,anise,1
FlavourAndAroma,Spice,aniseed,1
FlavourAndAroma,Spice,annatto,1
FlavourAndAroma,Spice,bragget,1
FlavourAndAroma,Spice,braggot,1
FlavourAndAroma,Spice,cask,1
FlavourAndAroma,Spice,casks,1
FlavourAndAroma,Spice,cardamom,1
FlavourAndAroma,Spice,cardamon,1
FlavourAndAroma,Spice,cinnamon,1
FlavourAndAroma,Spice,clove,1
FlavourAndAroma,Spice,cloves,1
FlavourAndAroma,Spice,cumin,1
FlavourAndAroma,Spice,ginger,1
FlavourAndAroma,Spice,nutmeg,1
FlavourAndAroma,Spice,pepper,1
FlavourAndAroma,Spice,peppercorn,1
FlavourAndAroma,Spice,peppercorns,1
FlavourAndAroma,Spice,peppered,1
FlavourAndAroma,Spice,peppery,1
FlavourAndAroma,Spice,spice,1
FlavourAndAroma,Spice,spiced,1
FlavourAndAroma,Spice,spices,1
FlavourAndAroma,Spice,spiciness,1
FlavourAndAroma,Spice,spicing,1
FlavourAndAroma,Spice,vanilla,1
FlavourAndAroma,Spice,vanille,1
FlavourAndAroma,Spice,vanillla,1
FlavourAndAroma,Spice,anis,1
FlavourAndAroma,Spice,cinamon,1
FlavourAndAroma,Spice,gingery,1
FlavourAndAroma,Spice,spiceness,1
FlavourAndAroma,Spice,spiceyness,1
FlavourAndAroma,Spice,spicyness,1
FlavourAndAroma,Spice,vanillas,1
FlavourAndAroma,Spice,ancho,1
FlavourAndAroma,Spice,bacon,1
FlavourAndAroma,Spice,barbecue,1
FlavourAndAroma,Spice,barbecues,1
FlavourAndAroma,Spice,barbeque,1
FlavourAndAroma,Spice,barbeques,1
FlavourAndAroma,Spice,bbq,1
FlavourAndAroma,Spice,bbqs,1
FlavourAndAroma,Spice,capsaicin,1
FlavourAndAroma,Spice,cayenne,1
FlavourAndAroma,Spice,chile,1
FlavourAndAroma,Spice,chiles,1
FlavourAndAroma,Spice,chili,1
FlavourAndAroma,Spice,chilies,1
FlavourAndAroma,Spice,chilis,1
FlavourAndAroma,Spice,chillies,1
FlavourAndAroma,Spice,chillis,1
FlavourAndAroma,Spice,chipotle,1
FlavourAndAroma,Spice,chipotles,1
FlavourAndAroma,Spice,cigar,1
FlavourAndAroma,Spice,curries,1
FlavourAndAroma,Spice,curry,1
FlavourAndAroma,Spice,habanero,1
FlavourAndAroma,Spice,habaneros,1
FlavourAndAroma,Spice,habenero,1
FlavourAndAroma,Spice,hickory,1
FlavourAndAroma,Spice,jalape,1
FlavourAndAroma,Spice,jalapeno,1
FlavourAndAroma,Spice,jalapenos,1
FlavourAndAroma,Spice,peppers,1
FlavourAndAroma,Spice,serano,1
FlavourAndAroma,Spice,serrano,1
FlavourAndAroma,Spice,sichuan,1
FlavourAndAroma,Spice,smoke,1
FlavourAndAroma,Spice,smoked,1
FlavourAndAroma,Spice,smokehouse,1
FlavourAndAroma,Spice,smokemalt,1
FlavourAndAroma,Spice,smoker,1
FlavourAndAroma,Spice,smokestack,1
FlavourAndAroma,Spice,smokey,1
FlavourAndAroma,Spice,smokiness,1
FlavourAndAroma,Spice,smoking,1
FlavourAndAroma,Spice,smoky,1
FlavourAndAroma,Spice,spicier,1
FlavourAndAroma,Spice,spicy,1
FlavourAndAroma,Spice,tandoori,1
FlavourAndAroma,Spice,tobacco,1
FlavourAndAroma,Spice,vindaloo,1
FlavourAndAroma,Spice,bacony,1
FlavourAndAroma,Spice,barbecued,1
FlavourAndAroma,Spice,chilie,1
FlavourAndAroma,Spice,chilli,1
FlavourAndAroma,Spice,cigars,1
FlavourAndAroma,Spice,jalepeno,1
FlavourAndAroma,Spice,smokes,1
FlavourAndAroma,Spice,smokier,1
FlavourAndAroma,Spice,smokyness,1
FlavourAndAroma,Spice,smokeyness,1
FlavourAndAroma,Spice,smokiest,1
FlavourAndAroma,Spice,tabacco,1
FlavourAndAroma,Spice,spicey,1
FlavourAndAroma,Spice,pepperoni,1
FlavourAndAroma,Malty,amaranth,1
FlavourAndAroma,Malty,azrael,1
FlavourAndAroma,Malty,barley,1
FlavourAndAroma,Malty,barleymalt,1
FlavourAndAroma,Malty,barleys,1
FlavourAndAroma,Malty,biscotti,1
FlavourAndAroma,Malty,biscuit,1
FlavourAndAroma,Malty,biscuits,1
FlavourAndAroma,Malty,biscuity,1
FlavourAndAroma,Malty,bisque,1
FlavourAndAroma,Malty,bisquit,1
FlavourAndAroma,Malty,bourbon,1
FlavourAndAroma,Malty,bourbons,1
FlavourAndAroma,Malty,bread,1
FlavourAndAroma,Malty,breads,1
FlavourAndAroma,Malty,bready,1
FlavourAndAroma,Malty,buckwheat,1
FlavourAndAroma,Malty,cereal,1
FlavourAndAroma,Malty,cereals,1
FlavourAndAroma,Malty,cookie,1
FlavourAndAroma,Malty,cookies,1
FlavourAndAroma,Malty,cracker,1
FlavourAndAroma,Malty,crackers,1
FlavourAndAroma,Malty,crackery,1
FlavourAndAroma,Malty,doughnut,1
FlavourAndAroma,Malty,doughnuts,1
FlavourAndAroma,Malty,doughy,1
FlavourAndAroma,Malty,faro,1
FlavourAndAroma,Malty,fruitcake,1
FlavourAndAroma,Malty,fruitcakes,1
FlavourAndAroma,Malty,gingerbread,1
FlavourAndAroma,Malty,graham,1
FlavourAndAroma,Malty,grain,1
FlavourAndAroma,Malty,grains,1
FlavourAndAroma,Malty,grainy,1
FlavourAndAroma,Malty,granola,1
FlavourAndAroma,Malty,grits,1
FlavourAndAroma,Malty,gritty,1
FlavourAndAroma,Malty,koji,1
FlavourAndAroma,Malty,koshihikari,1
FlavourAndAroma,Malty,malt,1
FlavourAndAroma,Malty,malted,1
FlavourAndAroma,Malty,maltier,1
FlavourAndAroma,Malty,maltiness,1
FlavourAndAroma,Malty,malting,1
FlavourAndAroma,Malty,maltings,1
FlavourAndAroma,Malty,malto,1
FlavourAndAroma,Malty,maltose,1
FlavourAndAroma,Malty,malts,1
FlavourAndAroma,Malty,malty,1
FlavourAndAroma,Malty,molasses,1
FlavourAndAroma,Malty,oat,1
FlavourAndAroma,Malty,oatmeal,1
FlavourAndAroma,Malty,oats,1
FlavourAndAroma,Malty,pancakes,1
FlavourAndAroma,Malty,pie,1
FlavourAndAroma,Malty,pies,1
FlavourAndAroma,Malty,pumpernickel,1
FlavourAndAroma,Malty,quinoa,1
FlavourAndAroma,Malty,rice,1
FlavourAndAroma,Malty,rye,1
FlavourAndAroma,Malty,ryed,1
FlavourAndAroma,Malty,sourdough,1
FlavourAndAroma,Malty,wheat,1
FlavourAndAroma,Malty,wheated,1
FlavourAndAroma,Malty,wheatey,1
FlavourAndAroma,Malty,wheatier,1
FlavourAndAroma,Malty,wheatly,1
FlavourAndAroma,Malty,wheaty,1
FlavourAndAroma,Malty,moleasses,1
FlavourAndAroma,Malty,molassesy,1
FlavourAndAroma,Malty,molassess,1
FlavourAndAroma,Malty,molases,1
FlavourAndAroma,Malty,mollases,1
FlavourAndAroma,Malty,molassis,1
FlavourAndAroma,Malty,molassas,1
FlavourAndAroma,Malty,donuts,1
FlavourAndAroma,Malty,mapley,1
FlavourAndAroma,Malty,oatiness,1
FlavourAndAroma,Malty,maltness,1
FlavourAndAroma,Malty,bisuit,1
FlavourAndAroma,Malty,biscut,1
FlavourAndAroma,Malty,buiscuity,1
FlavourAndAroma,Malty,buscuit,1
FlavourAndAroma,Malty,biscuty,1
FlavourAndAroma,Malty,buscuity,1
FlavourAndAroma,Malty,biscuitiness,1
FlavourAndAroma,Malty,bisquity,1
FlavourAndAroma,Malty,breaddy,1
FlavourAndAroma,Malty,cerealy,1
FlavourAndAroma,Malty,cereales,1
FlavourAndAroma,Malty,dough,1
FlavourAndAroma,Malty,faros,1
FlavourAndAroma,Malty,grainey,1
FlavourAndAroma,Malty,grained,1
FlavourAndAroma,Malty,malta,1
FlavourAndAroma,Malty,maltly,1
FlavourAndAroma,Malty,maltyness,1
FlavourAndAroma,Malty,oaty,1
FlavourAndAroma,Malty,pancake,1
FlavourAndAroma,Malty,ricey,1
FlavourAndAroma,Malty,ryes,1
FlavourAndAroma,Malty,wheats,1
FlavourAndAroma,Malty,wheaties,1
FlavourAndAroma,Malty,almond,1
FlavourAndAroma,Malty,almonds,1
FlavourAndAroma,Malty,anjilanaka,1
FlavourAndAroma,Malty,askinosie,1
FlavourAndAroma,Malty,brandied,1
FlavourAndAroma,Malty,brandy,1
FlavourAndAroma,Malty,brownie,1
FlavourAndAroma,Malty,brownies,1
FlavourAndAroma,Malty,brulee,1
FlavourAndAroma,Malty,bruleed,1
FlavourAndAroma,Malty,butter,1
FlavourAndAroma,Malty,buttery,1
FlavourAndAroma,Malty,butterscotch,1
FlavourAndAroma,Malty,cacao,1
FlavourAndAroma,Malty,cacoa,1
FlavourAndAroma,Malty,cappuccino,1
FlavourAndAroma,Malty,caramel,1
FlavourAndAroma,Malty,caramelised,1
FlavourAndAroma,Malty,caramelized,1
FlavourAndAroma,Malty,caramelly,1
FlavourAndAroma,Malty,caramelo,1
FlavourAndAroma,Malty,caramely,1
FlavourAndAroma,Malty,carmel,1
FlavourAndAroma,Malty,carmelization,1
FlavourAndAroma,Malty,carmelized,1
FlavourAndAroma,Malty,carmelly,1
FlavourAndAroma,Malty,castanea,1
FlavourAndAroma,Malty,chestnut,1
FlavourAndAroma,Malty,chestnuts,1
FlavourAndAroma,Malty,chocoalte,1
FlavourAndAroma,Malty,chocolate,1
FlavourAndAroma,Malty,chocolately,1
FlavourAndAroma,Malty,chocolates,1
FlavourAndAroma,Malty,chocolatey,1
FlavourAndAroma,Malty,chocolatiers,1
FlavourAndAroma,Malty,chocolaty,1
FlavourAndAroma,Malty,cocoa,1
FlavourAndAroma,Malty,coffee,1
FlavourAndAroma,Malty,coffees,1
FlavourAndAroma,Malty,dessert,1
FlavourAndAroma,Malty,desserts,1
FlavourAndAroma,Malty,espress,1
FlavourAndAroma,Malty,espresso,1
FlavourAndAroma,Malty,flan,1
FlavourAndAroma,Malty,frappuccino,1
FlavourAndAroma,Malty,fudge,1
FlavourAndAroma,Malty,fudgey,1
FlavourAndAroma,Malty,hazelnut,1
FlavourAndAroma,Malty,hazelnuts,1
FlavourAndAroma,Malty,honey,1
FlavourAndAroma,Malty,horchata,1
FlavourAndAroma,Malty,java,1
FlavourAndAroma,Malty,maple,1
FlavourAndAroma,Malty,mocha,1
FlavourAndAroma,Malty,nougat,1
FlavourAndAroma,Malty,nugget,1
FlavourAndAroma,Malty,nut,1
FlavourAndAroma,Malty,nuts,1
FlavourAndAroma,Malty,nuttier,1
FlavourAndAroma,Malty,nuttiness,1
FlavourAndAroma,Malty,nutty,1
FlavourAndAroma,Malty,oreo,1
FlavourAndAroma,Malty,peanut,1
FlavourAndAroma,Malty,peanuted,1
FlavourAndAroma,Malty,peanuts,1
FlavourAndAroma,Malty,pecan,1
FlavourAndAroma,Malty,pecans,1
FlavourAndAroma,Malty,pudding,1
FlavourAndAroma,Malty,puddings,1
FlavourAndAroma,Malty,rich,1
FlavourAndAroma,Malty,richer,1
FlavourAndAroma,Malty,richest,1
FlavourAndAroma,Malty,richly,1
FlavourAndAroma,Malty,richness,1
FlavourAndAroma,Malty,riich,1
FlavourAndAroma,Malty,seed,1
FlavourAndAroma,Malty,seeded,1
FlavourAndAroma,Malty,seeds,1
FlavourAndAroma,Malty,toffee,1
FlavourAndAroma,Malty,walnut,1
FlavourAndAroma,Malty,walnuts,1
FlavourAndAroma,Malty,chocholate,1
FlavourAndAroma,Malty,choclate,1
FlavourAndAroma,Malty,chcolate,1
FlavourAndAroma,Malty,chocolatiness,1
FlavourAndAroma,Malty,coco,1
FlavourAndAroma,Malty,coca,1
FlavourAndAroma,Malty,choco,1
FlavourAndAroma,Malty,coffe,1
FlavourAndAroma,Malty,cofee,1
FlavourAndAroma,Malty,acorns,1
FlavourAndAroma,Malty,acorn,1
FlavourAndAroma,Malty,cinnabon,1
FlavourAndAroma,Malty,chesnut,1
FlavourAndAroma,Malty,express,1
FlavourAndAroma,Malty,expresso,1
FlavourAndAroma,Malty,fudgy,1
FlavourAndAroma,Malty,hazlenut,1
FlavourAndAroma,Malty,nutiness,1
FlavourAndAroma,Malty,nuttyness,1
FlavourAndAroma,Malty,oreos,1
FlavourAndAroma,Malty,seedy,1
FlavourAndAroma,Malty,toffe,1
FlavourAndAroma,Malty,tofee,1
FlavourAndAroma,Malty,toffeeish,1
